timestamp,branch,power_watts,energy_joules,interval_seconds
1779776577527,org.springframework.samples.petclinic.PetClinicApplication.main,2.905143074,2.927377586,1.007653500
1779776578762,org.springframework.samples.petclinic.PetClinicApplication.main,3.115905251,3.143598171,1.008887600
1779776579915,org.springframework.samples.petclinic.PetClinicApplication.main,5.627961651,5.706863985,1.014019700
1779776581089,org.springframework.samples.petclinic.PetClinicApplication.main,2.399032259,2.423167963,1.010060600
1779776582608,org.springframework.samples.petclinic.PetClinicApplication.main,2.560435356,2.594227214,1.013197700
1779776583737,org.springframework.samples.petclinic.PetClinicApplication.main,3.724890243,3.778578949,1.014413500
1779776583737,org.springframework.samples.petclinic.PetClinicApplication.main;org.springframework.samples.petclinic.system.WebConfiguration$$SpringCGLIB$$0.<clinit>;org.springframework.samples.petclinic.system.WebConfiguration$$SpringCGLIB$$0.CGLIB$STATICHOOK1,0.186244512,0.188928947,1.014413500
1779776584868,org.springframework.samples.petclinic.PetClinicApplication.main,7.815335795,7.898041586,1.010582500
1779776586054,org.springframework.samples.petclinic.PetClinicApplication.main,5.629713137,5.714541091,1.015067900
1779776587438,org.springframework.samples.petclinic.PetClinicApplication.main,3.055603582,3.093387648,1.012365500
1779776588556,org.springframework.samples.petclinic.PetClinicApplication.main,4.502328175,4.510698904,1.001859200
1779776589695,org.springframework.samples.petclinic.PetClinicApplication.main,3.468355796,3.501592356,1.009582800
1779776590841,org.springframework.samples.petclinic.PetClinicApplication.main,2.154723347,2.197236254,1.019730100
1779776592246,org.springframework.samples.petclinic.PetClinicApplication.main,2.437238453,2.465543809,1.011613700
1779776593340,org.springframework.samples.petclinic.PetClinicApplication.main,2.224555007,2.245246483,1.009301400
1779776593340,org.springframework.samples.petclinic.PetClinicApplication.main;org.springframework.samples.petclinic.owner.Visit.<init>,0.041195463,0.041578639,1.009301400
1779776594457,org.springframework.samples.petclinic.PetClinicApplication.main,6.005851061,6.008911642,1.000509600
1779776595589,org.springframework.samples.petclinic.PetClinicApplication.main,2.476615968,2.488644396,1.004856800
1779776596703,org.springframework.samples.petclinic.PetClinicApplication.main,4.927126566,4.933309617,1.001254900
1779776596703,org.springframework.samples.petclinic.PetClinicApplication.main;org.springframework.samples.petclinic.system.WebConfiguration$$SpringCGLIB$$0.localeResolver;org.springframework.samples.petclinic.system.WebConfiguration$$SpringCGLIB$$FastClass$$1.invoke;org.springframework.samples.petclinic.system.WebConfiguration$$SpringCGLIB$$0.CGLIB$localeResolver$1;org.springframework.samples.petclinic.system.WebConfiguration.localeResolver,0.091243085,0.091357586,1.001254900
1779776597806,org.springframework.samples.petclinic.PetClinicApplication.main,6.465097744,6.532938601,1.010493400
1779776616554,org.springframework.samples.petclinic.vet.VetController.showVetList;org.springframework.samples.petclinic.vet.VetController.findPaginated,2.260294483,2.299233029,1.017227200
1779776618086,org.springframework.samples.petclinic.owner.OwnerController.processFindForm;org.springframework.samples.petclinic.owner.OwnerController.findPaginatedForOwnersLastName,2.308265256,2.363572215,1.023960400
1779776619377,org.springframework.samples.petclinic.owner.OwnerController.findOwner,0.706558913,0.708079851,1.002152600
1779776619377,org.springframework.samples.petclinic.owner.OwnerController.processFindForm;org.springframework.samples.petclinic.owner.OwnerController.findPaginatedForOwnersLastName,0.299184773,0.299828799,1.002152600
1779776619377,org.springframework.samples.petclinic.owner.OwnerController.showOwner,0.070396417,0.070547953,1.002152600
1779776620481,org.springframework.samples.petclinic.owner.OwnerController.findOwner,0.214516379,0.215552215,1.004828700
1779776620481,org.springframework.samples.petclinic.owner.PetController.populatePetTypes,0.262805781,0.264074791,1.004828700
1779776620481,org.springframework.samples.petclinic.owner.OwnerController.processFindForm;org.springframework.samples.petclinic.owner.OwnerController.findPaginatedForOwnersLastName,0.211266131,0.212286272,1.004828700
1779776620481,org.springframework.samples.petclinic.owner.PetController.findOwner,0.084506452,0.084914509,1.004828700
1779776620481,org.springframework.samples.petclinic.owner.Pet.getType,0.048289401,0.048522576,1.004828700
1779776620481,org.springframework.samples.petclinic.owner.PetTypeFormatter.parse;org.springframework.samples.petclinic.owner.PetTypeFormatter.parse,0.351026803,0.352721806,1.004828700
1779776620481,org.springframework.samples.petclinic.owner.OwnerController.showOwner,0.050703871,0.050948705,1.004828700
1779776621612,org.springframework.samples.petclinic.owner.VisitController.loadPetWithVisit,0.355573599,0.371655553,1.045228200
1779776621612,org.springframework.samples.petclinic.owner.OwnerController.findOwner,0.431488436,0.451003881,1.045228200
1779776621612,org.springframework.samples.petclinic.owner.PetController.populatePetTypes,0.095536148,0.099857076,1.045228200
1779776621612,org.springframework.samples.petclinic.owner.PetController.findOwner,0.258070531,0.269742597,1.045228200
1779776621612,org.springframework.samples.petclinic.owner.PetTypeFormatter.parse;org.springframework.samples.petclinic.owner.PetTypeFormatter.parse,0.283622938,0.296450693,1.045228200
1779776621612,org.springframework.samples.petclinic.owner.OwnerController.showOwner,0.177176128,0.185189486,1.045228200
1779776621612,org.springframework.samples.petclinic.owner.PetController.processCreationForm,1.635178438,1.709134616,1.045228200
1779776623111,org.springframework.samples.petclinic.owner.VisitController.loadPetWithVisit,0.036351646,0.036541718,1.005228700
1779776623111,org.springframework.samples.petclinic.owner.PetController.populatePetTypes,0.038775090,0.038977833,1.005228700
1779776623111,org.springframework.samples.petclinic.owner.OwnerController.findOwner,0.117710093,0.118325564,1.005228700
1779776623111,org.springframework.samples.petclinic.owner.PetController.findOwner,0.038775090,0.038977833,1.005228700
1779776623111,org.springframework.samples.petclinic.owner.PetTypeFormatter.parse;org.springframework.samples.petclinic.owner.PetTypeFormatter.parse,0.189028561,0.190016935,1.005228700
1779776623111,org.springframework.samples.petclinic.owner.OwnerController.showOwner,0.141367514,0.142106682,1.005228700
1779776623111,org.springframework.samples.petclinic.owner.VisitController.processNewVisitForm,0.036351646,0.036541718,1.005228700
1779776624221,org.springframework.samples.petclinic.owner.OwnerController.processFindForm;org.springframework.samples.petclinic.owner.OwnerController.findPaginatedForOwnersLastName,0.277103905,0.279433268,1.008406100
1779776624221,org.springframework.samples.petclinic.owner.OwnerController.processFindForm;org.springframework.samples.petclinic.owner.OwnerController.findPaginatedForOwnersLastName;org.springframework.samples.petclinic.owner.Visit.<init>,0.046275801,0.046664800,1.008406100
1779776624221,org.springframework.samples.petclinic.owner.VisitController.processNewVisitForm,0.061701068,0.062219734,1.008406100
1779776625332,org.springframework.samples.petclinic.owner.OwnerController.findOwner,0.147714681,0.148357920,1.004354600
1779776625332,org.springframework.samples.petclinic.owner.OwnerController.processFindForm;org.springframework.samples.petclinic.owner.OwnerController.findPaginatedForOwnersLastName,0.131301939,0.131873706,1.004354600
1779776625332,org.springframework.samples.petclinic.model.NamedEntity.toString,0.164127424,0.164842133,1.004354600
1779776625332,org.springframework.samples.petclinic.owner.OwnerController.showOwner,0.592499999,0.595080100,1.004354600
1779776626432,org.springframework.samples.petclinic.owner.VisitController.loadPetWithVisit,0.105182099,0.107015454,1.017430300
1779776626432,org.springframework.samples.petclinic.owner.OwnerController.findOwner,0.070121399,0.071343636,1.017430300
1779776626432,org.springframework.samples.petclinic.owner.PetTypeFormatter.parse;org.springframework.samples.petclinic.owner.PetTypeFormatter.parse,0.420728395,0.428061817,1.017430300
1779776626432,org.springframework.samples.petclinic.owner.VisitController.processNewVisitForm,0.163616598,0.166468485,1.017430300
1779776630181,org.springframework.samples.petclinic.owner.PetController.populatePetTypes,0.176962038,0.178965072,1.011319000
1779776630181,org.springframework.samples.petclinic.owner.PetController.findOwner,0.053088612,0.053689522,1.011319000
1779776630181,org.springframework.samples.petclinic.owner.PetTypeFormatter.parse;org.springframework.samples.petclinic.owner.PetTypeFormatter.parse,1.318367186,1.333289784,1.011319000
1779776631284,org.springframework.samples.petclinic.owner.PetTypeFormatter.parse;org.springframework.samples.petclinic.owner.PetTypeFormatter.parse,0.018959235,0.019161596,1.010673500
1779776631284,org.springframework.samples.petclinic.owner.VisitController.processNewVisitForm,0.521378953,0.526943892,1.010673500
1779776631284,org.springframework.samples.petclinic.owner.OwnerController.showOwner,0.170633112,0.172454365,1.010673500
1779776632373,org.springframework.samples.petclinic.owner.VisitController.loadPetWithVisit,0.156165185,0.157097866,1.005972400
1779776634552,org.springframework.samples.petclinic.owner.PetTypeFormatter.parse;org.springframework.samples.petclinic.owner.PetTypeFormatter.parse,1.416672045,1.419789291,1.002200400
1779776636014,org.springframework.samples.petclinic.owner.VisitController.loadPetWithVisit,0.031611815,0.031886449,1.008687700
1779776636014,org.springframework.samples.petclinic.owner.OwnerController.findOwner,0.047417722,0.047829673,1.008687700
1779776636014,org.springframework.samples.petclinic.owner.VisitController.processNewVisitForm,0.239459495,0.241539848,1.008687700
1779776636014,org.springframework.samples.petclinic.owner.OwnerController.showOwner,0.071126583,0.071744509,1.008687700
1779776636014,org.springframework.samples.petclinic.owner.PetTypeFormatter.print;org.springframework.samples.petclinic.owner.PetTypeFormatter.print,0.094835444,0.095659346,1.008687700
1779776639269,org.springframework.samples.petclinic.owner.VisitController.loadPetWithVisit,0.067111056,0.067255465,1.002151800
1779776639269,org.springframework.samples.petclinic.owner.OwnerController.findOwner,0.044740704,0.044836977,1.002151800
1779776639269,org.springframework.samples.petclinic.owner.VisitController.loadPetWithVisit;org.springframework.samples.petclinic.owner.Visit.<init>,0.017896281,0.017934791,1.002151800
1779776639269,org.springframework.samples.petclinic.owner.PetTypeFormatter.parse;org.springframework.samples.petclinic.owner.PetTypeFormatter.parse,0.056245456,0.056366485,1.002151800
1779776639269,org.springframework.samples.petclinic.owner.VisitController.processNewVisitForm,0.325115781,0.325815365,1.002151800
1779776640402,org.springframework.samples.petclinic.owner.OwnerController.findOwner,0.572090791,0.574338364,1.003928700
1779776642594,org.springframework.samples.petclinic.owner.PetTypeFormatter.parse;org.springframework.samples.petclinic.owner.PetTypeFormatter.parse,0.120098567,0.120549525,1.003754900
1779776643921,org.springframework.samples.petclinic.owner.VisitController.loadPetWithVisit,0.141484242,0.142757600,1.009000000
1779776643921,org.springframework.samples.petclinic.owner.OwnerController.findOwner,0.017224169,0.017379186,1.009000000
1779776643921,org.springframework.samples.petclinic.owner.VisitController.processNewVisitForm,0.617199375,0.622754169,1.009000000
1779776647209,org.springframework.samples.petclinic.owner.OwnerController.findOwner,0.075952184,0.076414057,1.006081100
1779776647209,org.springframework.samples.petclinic.owner.PetController.findOwner,0.059337644,0.059698482,1.006081100
1779776647209,org.springframework.samples.petclinic.owner.PetTypeFormatter.parse;org.springframework.samples.petclinic.owner.PetTypeFormatter.parse,0.207483962,0.208745692,1.006081100
1779776647209,org.springframework.samples.petclinic.owner.VisitController.loadPetWithVisit;org.springframework.samples.petclinic.owner.Visit.<init>,0.166145403,0.167155750,1.006081100
1779776647209,org.springframework.samples.petclinic.owner.VisitController.setAllowedFields,0.020768175,0.020894469,1.006081100
1779776647209,org.springframework.samples.petclinic.owner.VisitController.processNewVisitForm,0.225483047,0.226854232,1.006081100
1779776650516,org.springframework.samples.petclinic.owner.PetTypeFormatter.parse;org.springframework.samples.petclinic.owner.PetTypeFormatter.parse,0.076900067,0.079573936,1.034770700
1779776651905,org.springframework.samples.petclinic.owner.OwnerController.findOwner,0.224383983,0.224809101,1.001894600
1779776651905,org.springframework.samples.petclinic.owner.PetController.findOwner,0.056095996,0.056202275,1.001894600
1779776651905,org.springframework.samples.petclinic.owner.PetTypeFormatter.parse;org.springframework.samples.petclinic.owner.PetTypeFormatter.parse,0.056095996,0.056202275,1.001894600
1779776651905,org.springframework.samples.petclinic.owner.VisitController.processNewVisitForm,0.112191992,0.112404551,1.001894600
1779776651905,org.springframework.samples.petclinic.owner.OwnerController.showOwner,0.448767967,0.449618203,1.001894600
1779776655502,org.springframework.samples.petclinic.owner.VisitController.processNewVisitForm,0.284747221,0.286028242,1.004498800
1779776655502,org.springframework.samples.petclinic.owner.OwnerController.showOwner,0.462714234,0.464795893,1.004498800
1779776657693,org.springframework.samples.petclinic.owner.OwnerController.processFindForm;org.springframework.samples.petclinic.owner.OwnerController.findPaginatedForOwnersLastName,2.139098310,2.163947574,1.011616700
1779776658778,org.springframework.samples.petclinic.owner.VisitController.loadPetWithVisit,0.018138959,0.018277995,1.007665000
1779776658778,org.springframework.samples.petclinic.owner.PetController.findOwner,0.072555838,0.073111978,1.007665000
1779776658778,org.springframework.samples.petclinic.owner.PetTypeFormatter.parse;org.springframework.samples.petclinic.owner.PetTypeFormatter.parse,0.489751906,0.493505854,1.007665000
1779776659876,org.springframework.samples.petclinic.owner.OwnerController.findOwner,0.103893539,0.104371168,1.004597300
1779776659876,org.springframework.samples.petclinic.owner.OwnerController.showOwner,0.623361231,0.626227010,1.004597300
1779776662072,org.springframework.samples.petclinic.owner.PetController.findOwner,0.140884192,0.144458593,1.025371200
1779776662072,org.springframework.samples.petclinic.owner.PetTypeFormatter.parse;org.springframework.samples.petclinic.owner.PetTypeFormatter.parse,0.462905202,0.474649662,1.025371200
1779776662072,org.springframework.samples.petclinic.owner.PetController.initOwnerBinder,0.040252626,0.041273884,1.025371200
1779776663354,org.springframework.samples.petclinic.owner.OwnerController.setAllowedFields,0.036112784,0.036389824,1.007671500
1779776663354,org.springframework.samples.petclinic.owner.OwnerController.showOwner,0.409278222,0.412418000,1.007671500
1779776666901,org.springframework.samples.petclinic.owner.VisitController.loadPetWithVisit,0.011840469,0.011919750,1.006695800
1779776666901,org.springframework.samples.petclinic.owner.PetController.findOwner,0.130245157,0.131117252,1.006695800
1779776666901,org.springframework.samples.petclinic.owner.PetTypeFormatter.parse;org.springframework.samples.petclinic.owner.PetTypeFormatter.parse,0.284171251,0.286074005,1.006695800
1779776666901,org.springframework.samples.petclinic.owner.OwnerController.showOwner,0.071042813,0.071518501,1.006695800
1779776670214,org.springframework.samples.petclinic.owner.PetController.populatePetTypes,0.019773339,0.020356733,1.029504100
1779776670214,org.springframework.samples.petclinic.owner.PetController.findOwner,0.059320016,0.061070200,1.029504100
1779776670214,org.springframework.samples.petclinic.owner.PetTypeFormatter.parse;org.springframework.samples.petclinic.owner.PetTypeFormatter.parse,0.197733386,0.203567332,1.029504100
1779776671448,org.springframework.samples.petclinic.owner.OwnerController.showOwner,0.298692160,0.300887219,1.007348900
1779776671448,org.springframework.samples.petclinic.owner.VisitController.processNewVisitForm,0.448038240,0.451330829,1.007348900
1779776675111,org.springframework.samples.petclinic.owner.PetController.populatePetTypes,0.075290838,0.076239269,1.012596900
1779776675111,org.springframework.samples.petclinic.owner.PetTypeFormatter.parse;org.springframework.samples.petclinic.owner.PetTypeFormatter.parse,0.131758966,0.133418721,1.012596900
1779776678396,org.springframework.samples.petclinic.owner.PetTypeFormatter.parse;org.springframework.samples.petclinic.owner.PetTypeFormatter.parse,0.240593625,0.243307930,1.011281700
1779776681679,org.springframework.samples.petclinic.owner.PetTypeFormatter.parse;org.springframework.samples.petclinic.owner.PetTypeFormatter.parse,0.070267115,0.071372059,1.015724900
